first_name,last_name,email,username,password
Karia,Raxworthy,kraxworthy0@bluehost.com,kraxworthy0,XLPk5WXH
Noreen,Giovani,ngiovani1@skype.com,ngiovani1,n24ttvZ
Woodman,Siney,wsiney2@oakley.com,wsiney2,aHsxTkroo
Liv,Ilymanov,lilymanov3@yahoo.com,lilymanov3,JA8o69jF
Mariquilla,Portchmouth,mportchmouth4@va.gov,mportchmouth4,FGzAkVDD
Gerianne,Earwaker,gearwaker5@webmd.com,gearwaker5,fEQoy5xQI
Muffin,Godber,mgodber6@dmoz.org,mgodber6,zKn1lZ
Othella,Burras,oburras7@live.com,oburras7,OURChG
Yankee,Trevain,ytrevain8@tmall.com,ytrevain8,5g2zKAatfh
Noami,Lamartine,nlamartine9@tinyurl.com,nlamartine9,EChXiUcpD3
Roger,Chau,roger731@revature.net,roger731,password123
